customer_number,segment
14,2
45,0
52,2
61,0
63,3
67,0
68,3
71,0
77,0
81,0
83,2
85,2
108,2
110,3
111,2
117,2
119,2
123,0
124,0
133,2
136,0
140,3
144,3
149,3
153,0
156,2
157,0
166,3
170,2
176,3
182,2
186,2
187,3
191,3
198,3
201,2
202,2
206,2
212,2
215,0
218,2
221,0
230,3
231,2
232,2
236,2
244,0
247,0
256,0
257,3
258,1
263,2
269,0
275,3
276,2
277,0
280,1
281,2
283,2
305,1
308,2
309,2
312,2
320,2
324,3
328,0
341,2
342,2
349,2
350,0
352,2
356,2
357,0
359,0
362,2
367,2
368,2
372,2
385,0
386,2
395,2
398,1
401,3
404,0
409,3
412,3
419,0
426,0
427,2
433,2
434,3
445,2
447,3
459,0
474,1
475,0
496,2
498,2
507,3
510,3
515,3
521,2
523,3
535,2
538,0
540,2
541,3
542,0
550,2
559,0
562,2
571,3
572,4
579,2
584,2
588,0
589,0
594,2
611,2
616,2
618,0
620,1
635,2
646,3
647,2
649,3
652,0
655,2
657,1
662,0
667,2
669,2
674,3
687,2
697,2
704,0
711,0
712,3
717,2
724,2
725,2
732,2
734,2
735,2
737,0
746,2
752,2
755,3
759,0
770,2
777,3
786,2
787,2
788,3
792,2
795,3
808,2
825,0
827,2
828,2
832,0
838,0
846,1
848,0
850,3
858,0
859,3
867,3
871,2
872,0
896,2
898,2
905,0
906,2
910,2
912,0
914,2
919,3
921,2
925,1
928,4
935,0
937,2
942,0
945,3
946,2
951,2
953,0
972,3
974,0
977,0
1008,0
1015,3
1018,2
1019,2
1024,3
1030,3
1031,3
1037,2
1043,0
1045,3
1046,2
1050,3
1060,3
1064,2
1071,3
1073,3
1074,2
1075,3
1076,2
1078,3
1079,0
1081,2
1083,0
1089,3
1096,2
1101,0
1109,0
1113,0
1117,2
1118,2
1121,3
1122,2
1128,2
1129,2
1143,0
1145,2
1147,0
1149,2
1152,0
1163,2
1168,0
1172,0
1174,3
1195,0
1201,2
1206,2
1212,2
1218,3
1222,2
1223,0
1224,3
1226,0
1228,2
1233,3
1241,2
1242,0
1250,2
1253,2
1254,2
1257,0
1265,2
1267,2
1268,2
1281,0
1284,3
1286,3
1292,2
1301,3
1308,0
1322,1
1325,3
1330,0
1340,3
1357,2
1364,3
1378,0
1379,1
1382,0
1388,0
1395,2
1397,2
1399,2
1406,0
1412,2
1413,0
1419,3
1421,3
1432,0
1433,2
1437,2
1442,0
1446,0
1454,0
1461,2
1464,0
1469,3
1473,3
1474,3
1480,0
1484,2
1497,2
1500,3
1508,0
1509,3
1511,3
1514,0
1519,3
1520,0
1524,0
1529,3
1540,1
1557,3
1559,2
1567,0
1579,2
1580,3
1588,0
1589,0
1594,2
1595,2
1604,0
1617,3
1623,2
1626,2
1642,1
1652,2
1654,2
1657,3
1663,2
1669,3
1671,2
1676,0
1696,0
1697,0
1704,3
1707,2
1712,0
1716,0
1717,0
1721,2
1722,2
1730,0
1731,0
1759,2
1760,2
1762,3
1764,3
1770,3
1774,2
1780,0
1793,0
1799,0
1800,2
1805,0
1820,3
1831,2
1832,2
1849,2
1864,3
1865,3
1868,3
1869,0
1874,2
1886,2
1891,2
1893,0
1894,2
1901,2
1903,0
1904,2
1905,3
1910,3
1911,0
1918,0
1922,2
1923,2
1925,2
1926,2
1932,3
1935,3
1937,3
1938,2
1939,2
1943,0
1944,0
1969,2
1978,2
1979,2
1988,0
1989,0
1999,0
2011,2
2014,2
2019,3
2024,2
2029,3
2049,1
2056,3
2063,0
2066,2
2067,0
2083,0
2110,3
2111,0
2117,2
2125,2
2131,0
2132,2
2138,2
2139,3
2140,2
2141,2
2146,2
2154,0
2162,3
2174,2
2177,2
2182,0
2183,3
2192,2
2198,0
2207,0
2209,0
2214,0
2216,2
2225,0
2226,2
2232,2
2233,2
2239,2
2242,3
2243,3
2256,2
2260,0
2263,2
2275,2
2277,2
2279,3
2282,0
2290,0
2291,0
2301,1
2312,0
2313,3
2322,2
2326,2
2327,3
2352,3
2359,2
2366,0
2370,2
2376,2
2377,2
2379,3
2388,2
2392,3
2414,2
2417,0
2427,0
2431,0
2438,3
2442,2
2445,2
2450,2
2451,3
2452,2
2466,0
2469,2
2470,2
2473,0
2476,2
2498,2
2499,3
2500,0
2501,1
2503,2
2511,0
2514,2
2519,3
2522,3
2532,3
2539,3
2559,2
2566,3
2568,2
2573,2
2575,2
2581,2
2588,2
2590,3
2600,2
2603,2
2604,0
2606,2
2614,2
2622,3
2623,2
2628,2
2636,0
2638,1
2642,2
2643,2
2645,0
2649,2
2653,2
2657,2
2660,0
2662,0
2664,0
2667,0
2669,3
2671,0
2678,0
2684,2
2692,2
2695,0
2705,0
2716,2
2737,0
2744,0
2754,2
2758,0
2760,2
2761,1
2764,0
2772,2
2777,1
2780,3
2782,3
2784,0
2792,1
2795,3
2798,2
2802,2
2807,2
2820,3
2832,3
2833,2
2834,0
2837,2
2842,0
2848,0
2852,2
2856,2
2861,2
2862,0
2865,3
2870,3
2874,0
2880,3
2882,2
2883,2
2888,2
2892,2
2897,2
2898,3
2899,3
2901,0
2903,3
2905,2
2906,2
2916,2
2917,0
2920,0
2921,2
2922,1
2923,0
2925,4
2928,0
2937,2
2977,2
2981,0
2982,2
2986,2
2988,2
2989,0
2994,2
3003,2
3004,0
3008,2
3023,0
3027,3
3028,2
3038,2
3046,3
3050,0
3054,0
3064,1
3065,3
3066,2
3070,2
3076,0
3087,0
3092,0
3096,0
3116,2
3117,2
3122,2
3126,2
3127,2
3128,2
3139,0
3144,2
3145,3
3148,2
3149,0
3152,3
3155,3
3158,2
3165,2
3167,0
3168,3
3170,3
3172,0
3176,2
3177,3
3181,3
3182,2
3193,2
3196,3
3200,3
3202,2
3203,0
3210,2
3213,0
3214,2
3218,3
3230,0
3243,0
3269,0
3278,0
3289,3
3293,0
3311,2
3315,3
3325,3
3331,0
3351,2
3353,0
3355,3
3363,3
3386,0
3391,2
3394,2
3395,4
3398,0
3420,2
3424,0
3431,3
3433,0
3446,0
3447,2
3451,2
3452,2
3455,2
3457,3
3458,0
3463,2
3468,0
3472,2
3497,1
3513,3
3529,2
3530,3
3541,1
3545,3
3552,2
3555,2
3566,2
3568,0
3570,0
3571,2
3579,2
3583,2
3586,0
3587,0
3594,2
3597,2
3605,2
3606,2
3613,2
3617,2
3622,4
3633,3
3636,0
3641,2
3644,2
3647,2
3660,2
3663,2
3671,3
3676,2
3679,2
3685,0
3686,2
3690,2
3693,2
3695,2
3701,2
3702,0
3711,2
3715,2
3727,2
3728,0
3730,0
3733,2
3740,2
3741,3
3745,2
3756,2
3759,3
3760,3
3763,4
3780,0
3781,2
3789,0
3798,2
3817,2
3818,3
3819,4
3820,2
3830,2
3838,2
3839,2
3843,2
3844,0
3845,2
3848,2
3855,3
3865,2
3870,3
3877,3
3881,2
3887,2
3892,2
3893,2
3902,2
3940,3
3945,2
3947,2
3949,2
3953,2
3961,0
3967,3
3968,3
3973,3
3978,2
3990,2
3997,3
4005,0
4006,3
4020,0
4024,3
4025,2
4028,2
4030,2
4035,3
4042,3
4044,2
4045,0
4047,2
4051,0
4053,4
4063,2
4066,3
4069,2
4070,2
4073,2
4075,2
4079,2
4082,3
4083,2
4084,3
4086,0
4098,0
4109,2
4118,2
4134,1
4135,3
4140,2
4149,4
4151,2
4158,2
4163,2
4166,2
4173,3
4176,0
4187,0
4188,2
4193,2
4207,2
4219,2
4231,0
4232,2
4235,0
4238,2
4242,2
4243,0
4245,2
4254,2
4257,2
4258,2
4268,0
4278,3
4279,3
4280,2
4285,2
4290,2
4294,2
4300,2
4305,1
4307,0
4323,0
4338,3
4339,0
4348,0
4351,2
4354,0
4355,0
4361,2
4365,2
4368,2
4376,0
4378,2
4383,2
4384,4
4391,0
4407,2
4411,2
4416,2
4421,2
4423,2
4434,2
4437,3
4440,2
4446,3
4451,2
4453,2
4454,2
4455,2
4459,2
4460,3
4481,2
4484,2
4496,0
4497,2
4499,2
4500,0
4503,0
4513,2
4517,0
4518,2
4547,3
4549,0
4552,2
4559,2
4570,2
4572,0
4581,1
4586,2
4587,0
4593,4
4597,0
4600,2
4603,2
4608,0
4620,2
4622,2
4636,3
4637,0
4639,0
4648,2
4664,2
4667,2
4669,0
4670,2
4675,2
4683,0
4691,2
4694,3
4696,2
4703,2
4709,3
4711,4
4715,4
4724,2
4725,2
4726,2
4730,4
4740,0
4745,1
4749,1
4754,2
4757,0
4769,2
4770,2
4776,2
4781,1
4790,0
4794,2
4801,3
4804,2
4805,2
4806,3
4807,2
4810,2
4812,4
4833,0
4836,0
4848,2
4857,1
4861,2
4865,2
4869,1
4873,2
4875,2
4876,2
4880,2
4882,2
4895,2
4897,2
4900,0
4905,2
4917,2
4919,2
4922,4
4924,2
4934,2
4941,2
4942,4
4949,2
4970,3
4976,2
4978,0
4984,0
4993,2
4994,2
5006,4
5008,4
5009,2
5011,0
5013,1
5025,2
5029,1
5031,2
5036,0
5044,4
5050,3
5053,2
5055,2
5056,2
5057,2
5058,4
5060,2
5066,2
5076,2
5080,0
5081,3
5090,0
5091,4
5092,2
5093,2
5104,2
5105,2
5107,2
5110,2
5130,3
5134,2
5137,2
5146,2
5169,4
5170,0
5175,2
5179,0
5185,2
5189,0
5198,1
5204,2
5215,2
5233,2
5234,3
5240,0
5242,0
5246,2
5256,4
5261,0
5264,3
5268,2
5275,3
5284,2
5290,2
5296,2
5310,2
5319,2
5320,2
5321,0
5328,4
5330,2
5331,2
5332,2
5339,3
5340,2
5345,2
5351,1
5356,2
5358,2
5360,0
5363,2
5364,0
5365,1
5373,3
5377,2
5378,2
5393,2
5399,2
5407,3
5426,2
5431,2
5440,3
5453,0
5455,3
5457,2
5460,2
5467,2
5470,2
5472,2
5485,4
5492,2
5498,0
5501,2
5502,2
5503,1
5510,2
5512,0
5518,2
5530,2
5533,2
5540,2
5542,3
5543,2
5544,2
5550,2
5553,2
5556,0
5557,2
5558,2
5561,2
5562,2
5578,2
5580,0
5593,2
5596,2
5601,2
5615,2
5622,2
5625,2
5630,0
5631,4
5635,3
5636,0
5641,2
5642,2
5647,2
5664,0
5665,2
5667,2
5676,2
5679,2
5696,4
5702,2
5703,2
5704,2
5706,2
5709,2
5722,2
5730,2
5731,2
5754,2
5764,2
5765,2
5785,3
5799,3
5802,1
5806,2
5817,2
5831,2
5832,3
5852,2
5858,0
5860,2
5864,2
5868,3
5869,2
5871,2
5878,2
5888,2
5901,2
5903,2
5908,2
5920,2
5927,3
5936,0
5942,3
5943,3
5944,2
5948,2
5949,3
5950,0
5951,1
5956,0
5965,0
5984,0
5985,2
5986,0
5989,3
5994,2
5995,2
6000,3
6001,2
6002,2
6012,2
6021,2
6022,3
6024,3
6028,1
6032,0
6040,2
6042,4
6043,3
6056,2
6059,0
6063,2
6067,2
6069,3
6070,2
6072,2
6073,2
6074,2
6079,2
6080,2
6081,0
6083,2
6086,2
6089,4
6097,0
6114,2
6115,2
6117,3
6120,2
6124,0
6126,2
6144,3
6153,0
6159,2
6160,3
6162,0
6170,3
6177,2
6180,2
6189,2
6197,2
6220,4
6229,0
6235,2
6237,3
6239,2
6240,3
6245,3
6246,2
6248,2
6250,3
6251,0
6252,0
6254,2
6258,3
6267,4
6270,2
6292,2
6294,3
6299,2
6305,4
6314,0
6327,4
6330,2
6333,2
6335,1
6340,0
6344,2
6348,2
6350,3
6355,2
6358,2
6365,0
6370,0
6394,2
6395,2
6396,3
6409,3
6414,2
6415,2
6428,2
6432,0
6434,0
6441,2
6453,2
6454,2
6460,3
6461,2
6462,2
6465,0
6468,2
6470,2
6471,0
6483,2
6497,0
6506,2
6521,0
6523,2
6536,2
6537,2
6538,1
6540,3
6541,0
6558,2
6562,2
6565,2
6566,2
6569,2
6573,2
6587,2
6588,0
6590,2
6600,2
6602,2
6609,0
6618,0
6620,0
6621,0
6622,3
6631,0
6632,2
6647,2
6654,4
6668,2
6674,3
6680,0
6695,2
6701,4
6709,2
6712,2
6716,2
6731,3
6738,2
6744,2
6745,1
6748,2
6750,3
6751,2
6752,2
6759,0
6760,0
6762,2
6764,2
6778,0
6781,2
6787,0
6791,3
6795,2
6797,0
6798,2
6802,2
6804,2
6805,3
6806,0
6809,3
6811,3
6832,2
6834,3
6847,2
6848,2
6856,2
6871,2
6875,0
6889,2
6894,2
6899,2
6904,4
6913,3
6917,3
6920,0
6922,2
6923,2
6924,2
6937,0
6939,4
6940,4
6945,2
6948,2
6950,3
6951,0
6952,2
6953,3
6954,3
6955,0
6967,2
6970,3
6981,4
6985,2
6989,3
6992,0
7005,0
7010,0
7013,2
7016,2
7017,3
7019,3
7032,3
7036,3
7041,2
7044,0
7046,2
7053,3
7061,3
7063,3
7064,2
7067,4
7068,2
7074,0
7077,1
7079,2
7083,0
7091,3
7093,0
7094,0
7104,2
7110,0
7124,2
7126,3
7127,2
7130,0
7131,2
7132,3
7135,3
7138,0
7141,0
7145,2
7146,0
7148,0
7150,3
7158,0
7161,3
7172,3
7175,2
7191,0
7199,2
7210,0
7219,0
7250,2
7251,0
7257,3
7263,2
7269,0
7276,2
7280,0
7289,0
7299,4
7302,0
7303,2
7307,2
7314,2
7329,0
7330,4
7331,0
7334,0
7336,2
7342,2
7345,0
7346,3
7359,2
7362,2
7365,3
7368,3
7372,2
7379,0
7384,2
7385,0
7386,0
7399,3
7401,3
7405,0
7406,0
7407,0
7414,2
7418,0
7422,3
7428,0
7433,0
7435,0
7436,2
7448,2
7454,0
7458,2
7460,1
7462,2
7470,3
7478,1
7479,3
7484,2
7494,2
7499,2
7513,3
7516,4
7517,2
7518,2
7520,3
7529,2
7531,2
7536,0
7538,2
7554,0
7559,2
7560,3
7572,0
7576,0
7587,0
7604,2
7607,2
7620,3
7621,0
7626,0
7643,2
7644,2
7650,2
7658,2
7660,2
7665,2
7675,0
7683,2
7699,0
7700,2
7705,0
7710,2
7715,1
7726,2
7729,0
7747,2
7756,2
7758,3
7773,0
7782,2
7789,3
7792,2
7806,2
7814,2
7816,2
7823,0
7825,0
7830,1
7840,3
7843,0
7849,0
7855,2
7874,3
7881,2
7884,1
7897,3
7903,0
7905,2
7910,3
7914,2
7944,2
7955,2
7957,0
7964,2
7969,3
7973,3
7977,2
7991,3
7996,2
8011,0
8022,2
8061,0
8062,0
8065,1
8066,2
8069,3
8071,2
8074,0
8087,0
8092,2
8099,2
8108,2
8115,2
8116,0
8118,0
8119,1
8137,3
8142,2
8145,2
8152,2
8154,0
8165,2
8171,2
8178,2
8179,2
8181,3
8198,3
8207,2
8217,0
8220,2
8226,2
8245,2
8247,0
8248,0
8251,3
8255,0
8257,0
8266,2
8270,3
8275,0
8284,2
8287,2
8294,0
8299,3
8305,3
8307,0
8322,4
8325,0
8326,3
8331,0
8333,2
8335,3
8336,2
8338,0
8341,3
8360,0
8371,0
8373,2
8377,3
8380,0
8381,2
8387,2
8388,1
8391,0
8392,2
8407,2
8410,3
8417,2
8427,2
8428,2
8429,2
8434,2
8442,0
8450,4
8455,2
8456,2
8459,0
8461,4
8464,0
8477,3
8478,2
8485,2
8488,0
8504,2
8519,0
8520,2
8523,0
8536,2
8539,0
8540,2
8543,2
8548,0
8552,0
8557,2
8562,2
8563,2
8564,2
8567,0
8568,2
8577,3
8584,2
8586,2
8588,2
8606,3
8607,2
8614,0
8622,2
8623,4
8636,1
8639,2
8647,3
8657,2
8660,2
8662,2
8668,2
8673,2
8677,2
8678,0
8680,2
8685,3
8688,0
8689,2
8693,0
8694,0
8701,3
8717,0
8719,0
8720,2
8733,2
8735,2
8738,2
8746,3
8754,2
8756,2
8759,0
8778,2
8784,3
8789,2
8796,2
8799,2
8803,3
8812,2
8813,2
8814,4
8819,4
8833,2
8836,2
8840,2
8841,0
8844,2
8847,0
8851,2
8862,0
8863,2
8876,0
8888,0
8893,0
8909,0
8911,2
8912,0
8947,2
8953,2
8966,2
8968,1
8972,2
8982,2
8987,0
8994,2
8997,0
9001,0
9011,0
9016,3
9023,3
9027,0
9030,2
9042,2
9052,2
9054,2
9057,2
9066,2
9067,2
9070,2
9076,2
9078,0
9083,2
9089,2
9090,2
9093,2
9097,0
9098,2
9105,3
9110,2
9112,0
9118,2
9122,2
9123,3
9125,2
9126,2
9127,0
9128,2
9137,2
9139,2
9146,3
9154,2
9157,2
9158,0
9164,2
9190,2
9191,2
9206,2
9207,2
9208,2
9209,0
9219,0
9221,2
9225,2
9230,3
9232,2
9256,2
9258,2
9260,0
9261,2
9264,0
9266,3
9269,0
9270,3
9271,2
9285,2
9293,3
9295,2
9297,0
9311,0
9320,2
9326,2
9328,2
9333,2
9339,2
9342,2
9349,2
9362,2
9369,2
9374,0
9378,2
9380,2
9382,2
9383,2
9392,2
9397,0
9398,2
9400,2
9406,2
9412,2
9419,2
9420,0
9423,0
9424,2
9427,0
9435,2
9449,2
9458,3
9465,2
9470,2
9471,2
9476,0
9484,0
9487,2
9491,2
9492,0
9499,2
9501,2
9502,2
9511,2
9516,2
9521,2
9526,0
9527,0
9556,2
9564,0
9580,3
9584,0
9586,2
9587,2
9588,2
9592,2
9593,2
9600,2
9602,2
9604,2
9606,2
9608,2
9611,2
9622,3
9624,2
9625,1
9634,2
9643,4
9647,3
9655,2
9656,2
9667,2
9675,2
9679,2
9682,1
9699,2
9703,3
9706,1
9715,4
9718,4
9727,3
9728,2
9729,4
9730,1
9735,2
9740,3
9748,0
9750,2
9751,0
9756,2
9757,2
9760,0
9762,2
9767,2
9778,0
9784,2
9802,2
9807,2
9808,0
9814,2
9819,0
9825,2
9836,3
9847,0
9853,2
9855,0
9856,2
9863,2
9868,2
9879,2
9886,2
9902,2
9903,0
9904,0
9918,2
9927,2
9941,4
9946,0
9948,2
9949,0
9953,0
9966,2
9968,2
9974,2
9975,4
9977,0
9983,3
9985,2
10000,2
10008,4
10013,2
10015,1
10022,2
10023,4
10030,0
10041,0
10072,1
10086,2
10087,2
10093,0
10094,2
10098,2
10107,0
10108,2
10113,2
10114,2
10126,0
10127,0
10129,0
10133,3
10137,2
10146,3
10153,0
10155,2
10159,2
10163,0
10165,2
10168,2
10172,2
10174,2
10176,0
10184,2
10188,0
10189,2
10197,2
10222,2
10223,2
10232,3
10234,2
10242,2
10248,2
10252,2
10256,2
10260,2
10261,2
10263,0
10271,2
10275,0
10278,0
10283,2
10293,2
10310,0
10318,0
10320,2
10328,2
10329,2
10330,0
10341,3
10342,2
10346,1
10352,0
10355,2
10357,0
10360,3
10363,2
10365,0
10367,2
10375,2
10382,2
10386,2
10390,2
10392,2
10396,2
10401,2
10408,2
10410,0
10419,2
10421,2
10425,3
10426,0
10427,0
10431,3
10433,0
10438,2
10443,2
10447,2
10450,3
10451,2
10476,2
10481,1
10483,0
10495,2
10505,3
10509,0
10510,0
10512,2
10514,2
10518,2
10519,3
10528,2
10537,2
10538,2
10540,2
10543,2
10544,0
10549,2
10551,2
10554,0
10557,3
10558,2
10564,2
10570,0
10572,2
10587,0
10590,2
10591,2
10594,2
10599,0
10605,0
10613,3
10619,3
10628,2
10635,2
10643,0
10657,2
10660,1
10662,2
10669,1
10673,2
10683,0
10689,1
10693,2
10697,0
10700,3
10701,0
10703,2
10706,2
10707,0
10710,2
10714,2
10725,2
10728,2
10732,0
10740,2
10743,2
10744,2
10753,0
10761,2
10765,3
10767,1
10781,2
10786,2
10802,2
10805,0
10807,2
10809,0
10814,2
10816,0
10818,0
10822,2
10827,2
10840,0
10847,2
10856,2
10862,2
10869,0
10873,2
10880,2
10885,2
10891,3
10896,2
10901,3
10904,0
10908,0
10911,0
10914,0
10918,0
10925,0
10928,2
10931,2
10945,2
10950,0
10958,2
10963,3
10965,0
10967,0
10975,3
10979,2
10981,0
10985,3
10992,2
10999,2
11002,3
11008,2
11026,2
11037,2
11038,2
11054,0
11057,0
11059,2
11061,3
11066,3
11068,1
11069,2
11071,2
11078,0
11080,2
11087,2
11090,2
11103,0
11104,2
11106,2
11108,2
11112,2
11114,0
11127,0
11140,2
11143,2
11151,2
11156,0
11157,2
11159,2
11163,2
11164,0
11174,0
11180,0
11182,0
11187,0
11190,0
11191,0
11194,0
11195,2
11197,0
11204,2
11208,2
11211,1
11221,3
11229,2
11233,2
11242,0
11246,2
11247,2
11249,2
11259,3
11260,3
11265,0
11268,2
11280,2
11284,2
11285,2
11286,2
11288,0
11291,2
11297,0
11298,3
11315,2
11322,2
11323,0
11324,2
11330,2
11334,0
11339,2
11343,2
11346,0
11347,3
11348,2
11349,2
11350,3
11353,2
11355,2
11357,3
11362,2
11365,2
11368,2
11379,2
11381,2
11387,2
11394,3
11400,2
11401,2
11408,3
11420,2
11423,2
11430,2
11433,2
11441,0
11454,0
11456,2
11461,2
11466,0
11473,3
11475,2
11476,2
11481,0
11500,2
11508,1
11509,3
11510,0
11511,0
11520,3
11524,2
11526,2
11528,2
11530,0
11555,2
11559,3
11560,0
11563,2
11565,4
11567,0
11572,0
11579,0
11585,2
11592,2
11596,0
11607,0
11609,2
11610,2
11613,0
11614,2
11615,1
11620,2
11633,0
11634,2
11640,2
11641,2
11644,3
11649,0
11650,2
11651,2
11657,0
11658,3
11662,2
11666,2
11669,0
11672,2
11675,0
11676,0
11679,2
11682,0
11695,2
11701,3
11706,4
11710,3
11724,0
11728,0
11737,2
11753,1
11761,3
11769,3
11770,1
11771,2
11777,3
11784,2
11790,3
11791,4
11796,4
11798,0
11801,2
11803,3
11808,3
11816,1
11825,3
11830,2
11834,3
11835,2
11843,2
11844,3
11845,2
11846,3
11861,4
11868,3
11878,4
11885,2
11886,4
11889,2
11894,4
11895,3
11896,2
11905,1
11911,2
11919,2
11926,3
11927,3
11936,2
11937,2
11943,3
11951,2
11954,3
11956,3
11957,3
11960,2
11967,2
11971,3
11974,4
11981,3
11988,3
11990,1
12000,3
12008,2
12014,2
12016,2
12019,3
12020,2
12027,0
12031,3
12038,0
12043,2
12047,2
12055,0
12058,0
12075,3
12076,3
12077,0
12084,0
12091,2
12095,3
12097,2
12103,0
12110,0
12114,3
12120,2
12128,3
12130,2
12135,0
12137,3
12139,2
12147,0
12149,3
12153,3
12156,2
12158,2
12159,2
12170,2
12171,2
12182,2
12183,2
12188,0
12189,0
12195,4
12198,3
12201,3
12202,1
12212,2
12215,3
12218,2
12221,0
12227,2
12230,2
12234,3
12237,2
12245,3
12264,0
12266,3
12269,2
12271,0
12276,2
12277,0
12286,2
12310,3
12323,2
12329,2
12331,4
12338,0
12339,2
12344,4
12345,3
12346,0
12356,3
12357,0
12360,3
12361,2
12363,2
12372,2
12379,0
12391,2
12393,0
12394,3
12398,0
12401,0
12409,2
12412,0
12419,4
12422,0
12432,2
12434,2
12437,0
12440,3
12443,3
12450,2
12452,0
12453,3
12467,3
12473,0
12474,3
12476,0
12480,0
12482,2
12483,0
12485,4
12489,2
12490,3
12508,3
12510,3
12511,2
12517,2
12520,2
12522,3
12523,2
12530,0
12537,2
12538,3
12541,2
12545,2
12548,0
12550,0
12557,0
12562,3
12563,3
12569,0
12570,0
12573,0
12574,2
12576,3
12596,0
12598,2
12606,2
12611,2
12613,1
12616,0
12618,4
12628,2
12635,0
12640,3
12641,0
12644,3
12647,2
12650,3
12657,0
12668,0
12675,3
12682,2
12687,2
12693,4
12703,1
12705,0
12707,3
12711,3
12719,0
12721,3
12731,2
12733,4
12735,2
12738,2
12739,2
12744,0
12746,2
12753,3
12766,2
12771,2
12778,0
12792,0
12796,0
12798,0
12800,0
12816,0
12825,3
12828,2
12829,2
12831,0
12834,1
12838,0
12844,3
12846,2
12847,3
12852,3
12855,0
12861,0
12862,0
12863,3
12865,0
12872,3
12874,0
12875,3
12883,3
12886,2
12889,1
12901,2
12915,0
12917,2
12920,3
12922,3
12925,0
12930,2
12934,3
12935,0
12945,3
12946,2
12950,3
12964,0
12968,4
12969,3
12973,2
12978,0
12981,1
12993,0
13002,2
13006,0
13017,3
13029,2
13031,3
13034,0
13038,3
13041,2
13047,2
13048,3
13056,2
13057,1
13060,2
13069,1
13072,2
13086,0
13090,0
13095,0
13099,1
13101,2
13109,0
13111,0
13118,2
13122,0
13131,2
13138,1
13143,2
13147,2
13148,2
13161,4
13165,2
13166,0
13169,3
13181,4
13182,3
13188,0
13189,0
13201,1
13205,2
13206,2
13210,0
13211,2
13218,0
13227,0
13238,4
13250,2
13253,3
13254,3
13266,0
13268,0
13270,2
13274,3
13275,0
13277,0
13281,3
13301,0
13307,2
13316,2
13323,0
13334,2
13339,0
13340,0
13366,0
13367,3
13368,2
13370,3
13374,2
13376,2
13378,2
13380,0
13391,0
13394,2
13397,0
13405,1
13409,0
13412,2
13419,3
13420,0
13427,0
13429,2
13431,2
13432,3
13441,2
13449,3
13454,2
13456,0
13468,3
13470,0
13476,3
13502,0
13504,1
13508,0
13517,0
13531,3
13535,3
13536,3
13537,0
13545,3
13550,1
13551,3
13564,3
13572,2
13580,2
13588,3
13600,3
13601,2
13605,4
13606,2
13607,2
13618,0
13634,2
13637,2
13639,2
13655,0
13659,3
13667,2
13682,0
13684,2
13694,0
13695,0
13696,3
13698,0
13699,4
13700,2
13710,2
13713,0
13718,3
13723,2
13726,3
13727,0
13730,2
13736,0
13737,3
13739,0
13745,2
13757,0
13775,3
13776,2
13793,0
13801,0
13804,0
13806,2
13807,3
13826,2
13849,0
13850,2
13852,0
13868,0
13874,3
13879,2
13888,0
13889,2
13895,3
13900,2
13903,2
13906,3
13908,2
13913,2
13921,0
13925,0
13928,4
13932,2
13935,3
13936,2
13939,3
13946,0
13962,2
13967,3
13969,3
13972,2
13975,0
13981,0
13985,3
13995,1
14000,2
14011,3
14014,0
14021,3
14027,3
14037,0
14051,3
14057,2
14060,0
14085,2
14086,1
14095,2
14096,0
14104,0
14105,2
14111,0
14122,0
14127,0
14130,2
14132,0
14135,3
14138,0
14139,2
14144,3
14146,2
14148,3
14154,0
14159,0
14177,0
14183,2
14192,2
14196,0
14197,3
14203,2
14213,0
14216,2
14219,2
14221,0
14233,0
14239,0
14240,3
14251,1
14253,2
14257,0
14260,0
14279,0
14282,0
14283,0
14297,0
14302,3
14309,2
14326,2
14329,2
14335,0
14343,3
14351,4
14353,0
14361,2
14375,3
14377,2
14381,2
14389,4
14398,3
14407,3
14409,4
14412,1
14427,0
14428,0
14442,0
14444,2
14445,1
14446,2
14459,2
14464,3
14481,4
14495,2
14496,3
14500,2
14503,2
14506,3
14515,2
14528,2
14538,2
14539,4
14543,2
14545,3
14549,3
14554,3
14555,2
14556,2
14559,2
14566,0
14568,0
14573,0
14575,3
14577,2
14586,2
14595,3
14597,3
14610,3
14612,4
14613,4
14620,2
14621,2
14633,0
14635,0
14656,3
14663,2
14666,0
14668,2
14670,2
14671,0
14674,2
14678,3
14680,2
14695,2
14700,1
14706,0
14711,0
14713,0
14716,1
14719,2
14723,0
14727,3
14728,4
14734,4
14737,2
14741,3
14761,2
14768,2
14770,2
14778,2
14780,3
14782,2
14784,3
14790,0
14797,2
14801,2
14805,4
14806,2
14817,2
14819,3
14825,4
14828,0
14834,3
14837,0
14839,3
14846,1
14848,2
14866,2
14870,2
14871,3
14872,3
14880,2
14881,3
14885,3
14887,0
14891,0
14893,2
14907,2
14909,3
14910,3
14920,1
14922,3
14931,2
14932,0
14951,0
14962,0
14963,4
14967,2
14974,2
14976,2
14979,3
14982,2
14984,3
14995,3
14998,3
14999,2
15003,2
15016,1
15018,2
15019,3
15022,1
15024,0
15035,1
15059,3
15068,4
15070,0
15076,2
15091,3
15114,2
15118,3
15125,3
15135,2
15142,2
15144,2
15145,2
15150,2
15160,2
15167,2
15177,2
15191,2
15196,1
15197,0
15203,2
15215,2
15217,2
15221,3
15227,3
15234,3
15239,3
15240,3
15245,2
15249,2
15259,2
15262,1
15263,3
15265,2
15268,3
15270,0
15274,2
15276,3
15280,2
15282,3
15284,0
15294,0
15302,0
15308,2
15310,2
15311,3
15316,2
15328,3
15335,3
15339,2
15344,2
15347,2
15354,4
15365,3
15371,0
15373,2
15391,2
15394,3
15403,0
15407,4
15412,0
15414,3
15419,2
15426,2
15439,0
15447,2
15449,3
15455,2
15458,3
15459,3
15463,3
15481,2
15492,0
15499,3
15502,2
15503,2
15513,2
15527,2
15541,3
15544,2
15554,2
15556,0
15568,2
15571,2
15573,3
15588,0
15596,4
15601,3
15604,0
15605,4
15609,2
15616,3
15617,3
15621,3
15622,0
15634,3
15651,4
15654,3
15664,3
15667,2
15669,2
15671,4
15682,3
15684,0
15685,2
15690,3
15702,3
15709,3
15717,4
15723,3
15728,3
15738,2
15743,2
15753,2
15763,2
15768,3
15772,0
15773,3
15774,2
15778,4
15788,2
15793,3
15801,2
15813,2
15815,2
15821,3
15827,3
15831,2
15838,4
15839,3
15843,3
15850,3
15852,4
15864,0
15865,0
15875,2
15879,1
15902,2
15911,3
15920,3
15932,3
15933,2
15934,2
15939,0
15942,4
15943,2
15945,0
15960,2
15963,2
15966,2
15967,0
15970,4
15972,2
15978,0
15980,2
16002,3
16012,3
16018,3
16022,2
16029,4
16031,3
16038,2
16039,2
16040,3
16041,2
16043,2
16048,3
16049,2
16054,1
16076,3
16081,2
16084,2
16086,2
16100,3
16102,0
16106,3
16117,0
16125,4
16140,2
16144,2
16154,2
16163,2
16165,2
16167,2
16172,4
16173,3
16184,3
16193,3
16195,2
16196,2
16203,1
16205,2
16220,0
16227,2
16229,3
16231,3
16234,3
16254,2
16281,2
16287,1
16292,2
16294,4
16295,2
16301,3
16303,3
16306,3
16316,0
